[
  {
    "signatures": [
      {
        "signature": "sha256:b2ccc984c77341dbce446e40576fd98e70cf6253a70004c254e16ab329d93a85",
        "filename": "BloodArsenal-1.10.2-2.1.0-22.jar"
      },
      {
        "signature": "sha256:4b29490cd8740dc267947708e40c4da760116ae4218685a6efa1e6841b34d575",
        "filename": "JustEnoughResources-1.10.2-0.5.8.98.jar"
      },
      {
        "signature": "sha256:7d7b80c91962a1e97739a49bb5c272cc5f8edd6964f1664372fcb4930a291a27",
        "filename": "TinkerToolLeveling-1.10.2-1.0.1.jar"
      },
      {
        "signature": "sha256:014c557f1e2d330d0820f044fd24ba626cb5e54af59ab053fe6f4a57a1f6037c",
        "filename": "inventorypets-1.10-1.4.9.9b.jar"
      },
      {
        "signature": "sha256:f5cad4dadd4bbcb54374575317793392898a2830327d34d19fe5a5daade594a3",
        "filename": "bdlib-1.12.4.25-mc1.10.2.jar"
      },
      {
        "signature": "sha256:910ddcd67f42788a40e8ad2778d76144944748acd90915ef4addec7ea0295ed2",
        "filename": "StorageDrawers-1.10.2-3.7.10.jar"
      },
      {
        "signature": "sha256:2a423b27ca06693c93da5037ba7ecc8d1b440b7dc4a1561a2ecf5c97ffb19d5d",
        "filename": "NetherMetals-1.10.2-1.1.4.jar"
      },
      {
        "signature": "sha256:18cc823e4c33735552b042668a511b6352d6242bae7bdeac5187dca737b337b5",
        "filename": "Botania r1.9-341.jar"
      },
      {
        "signature": "sha256:9bfa607843a865cf819f8a7dc21dbf3d5181165ad9dcf807ff69019bb75a5a26",
        "filename": "Pam\u0027s HarvestCraft 1.10.2j.jar"
      },
      {
        "signature": "sha256:d43ecdbacebb5fc76765f1d120b3e91745d5a8daf4f62f1ca4709c09ee898557",
        "filename": "LootBags-1.10.2-2.5.0.jar"
      },
      {
        "signature": "sha256:71dcd5a0b97efe05d8c61954fc12ba352a388fdac013b99b8151453f71decc8c",
        "filename": "Levels 2-1.10.2-r1.2.8.jar"
      },
      {
        "signature": "sha256:cbb0c69f043e9c9e364076fd61430e55cda0d12ad3abad7cae38bccf290e34d3",
        "filename": "chiselsandbits-12.17.jar"
      },
      {
        "signature": "sha256:2fed3af95ce43ab36a9eed295cb9a2218e5c769730b70d90e8e080a028320b03",
        "filename": "OpenEye-1.10.2-0.8.jar"
      },
      {
        "signature": "sha256:291b309f25427c0392b80643c02e1aa519489819f7e0b1f1898139a57a3fa29e",
        "filename": "baublesstuff-3.0.2.jar"
      },
      {
        "signature": "sha256:848b87207f04d4395cb9f5eadbd0ed06bf44afca30ee052044f78bc4010be7a5",
        "filename": "denseores-1.11-1.0.2.jar"
      },
      {
        "signature": "sha256:b6f41d81fc5ba67e85579e24a095e9910925f8e507a19641cebb359165525395",
        "filename": "TTLBowAddon-1.10.2-1.0.0.jar"
      },
      {
        "signature": "sha256:9a6206cadfe4eba8f142bcf66da97dff83f6bf52601ecf8b182a32be80e2f7df",
        "filename": "NotEnoughCodecs-0.6.jar"
      },
      {
        "signature": "sha256:e94f7cfc4ed329101800574e782490e9bdd3a5bff1dc05a638c95bf088cda007",
        "filename": "agricraft-2.0.0-0.11.0-a21.jar"
      },
      {
        "signature": "sha256:9da4dba160fd2150ace8bdd4932680fbaa7e8435c52440ddfa4709c542c887fd",
        "filename": "FastLeafDecay-v11.jar"
      },
      {
        "signature": "sha256:005db9e502fb63e35472e1680141315c70859c18e91d32ad1003b952c4ad69fb",
        "filename": "MagicBees-Beta-3.0.4.jar"
      },
      {
        "signature": "sha256:ec103b6139768301b62fa320aabd11c2e6b07e3665c7a78af9b28f680ab1664b",
        "filename": "Chisel-MC1.10.2-0.1.1.39.jar"
      },
      {
        "signature": "sha256:e3332eb62048172714f5a3bc8c0eba299be839ab2367db6616bed98c76f385aa",
        "filename": "Guide-API-1.10.2-2.0.3-46.jar"
      },
      {
        "signature": "sha256:40b174131905537dad9d222b215384f94072f2c7d5434e5a53216e1dcf5131ee",
        "filename": "journeymap-1.10.2-5.5.2.jar"
      },
      {
        "signature": "sha256:fc67e7bfc06cf865a66883ed2630d813a6b480926e63bd2f30d265ebd24a0298",
        "filename": "ThermalExpansion-1.10.2-5.1.10.28-universal.jar"
      },
      {
        "signature": "sha256:a99654c470b5d5378ffc0160002d24f579f8de113d1a6fa96e1bd95094e6b537",
        "filename": "mysticalagriculture-1.10.2-1.5.9.jar"
      },
      {
        "signature": "sha256:86366d566af60bbc4e019ca91a062e6c0aa1940681fa53b9fc8b56a68a893ccb",
        "filename": "BiblioCraft[v2.2.5][MC1.10.2].jar"
      },
      {
        "signature": "sha256:90394d3d1584c66e4bc5e3fde5c2bc47a3e7a393357176eb7af3c2d7016cd32f",
        "filename": "CookingForBlockheads_1.10.2-4.2.45.jar"
      },
      {
        "signature": "sha256:5a5f58f7bac56682fd46ae5c17c756782f95a00d0da5dcf32f2c61f3842ac31e",
        "filename": "AIImprovements-1.10.2-0.0.1b4.jar"
      },
      {
        "signature": "sha256:3cac9437ed9e00ecf8b0ac101a9ff5cfe4c30fff0d67bc327049ecd2cc781095",
        "filename": "IronBackpacks-1.10.2-2.2.33.jar"
      },
      {
        "signature": "sha256:e9d5a76d31b36bd24c76c3ef08f8a5fc642a9ef9da9d9558398468e44f1dda17",
        "filename": "rftoolsctrl-1.1x-1.7.0.jar"
      },
      {
        "signature": "sha256:ee1a7c59472d5aab95ee64db4dc1474218a491d5c21e7b819d5fa271da4d9a5b",
        "filename": "Baubles-1.10.2-1.3.13.jar"
      },
      {
        "signature": "sha256:540332f719ae2ac695e73189ac3e31aee09e9ff54e749e775219431ddd5132b0",
        "filename": "zerocore-1.10.2-0.1.1.1.jar"
      },
      {
        "signature": "sha256:d25ac67463596c2059200f07516dd0b8e009dcd1ac968ebf0f73af5e89c17fe9",
        "filename": "jefb_1.10.2-1.0.4.jar"
      },
      {
        "signature": "sha256:b443538447e805e53d2c980af06e489f3175dd991e64891cd4f384f3033822c9",
        "filename": "appliedenergistics2-rv4-stable-1.jar"
      },
      {
        "signature": "sha256:09daf7b038ad09310b41b7e68fdde765d84cc18f318e399801436e359446b22d",
        "filename": "thedragonlib-1.10.2-1.0.3.1.jar"
      },
      {
        "signature": "sha256:4773fbc6faf35ee8f2b276f40ece2e095495913558a68e170fabefb4e80ffa48",
        "filename": "LibVulpes-1.10.2-0.1.19-universal.jar"
      },
      {
        "signature": "sha256:9163873af44ab0085f72423b989123362ed4170ba786e4370b7aa92337ba9d8c",
        "filename": "mcjtylib-1.1x-2.5.1.jar"
      },
      {
        "signature": "sha256:c6c3c5e6fec16b3461b79079e9493f7450366517b6a87b88cf53973a2875d078",
        "filename": "compatlayer-1.10-0.3.0.jar"
      },
      {
        "signature": "sha256:d22bb48abc1dc1b5958aacdb08fd63a6b59546cb190bbf0be40d49885a5d93ed",
        "filename": "ActuallyAdditions-1.10.2-r105.jar"
      },
      {
        "signature": "sha256:3868782be09aa4905483eceb59db1dd38e6b8b9fe2c4b66a2f903f8cb53639ab",
        "filename": "OreSpawn-1.10.2-3.2.1.100.jar"
      },
      {
        "signature": "sha256:a40052e7ee626c0f16045488626e60202182203c75d2fc2fef63588d0b8278ae",
        "filename": "minecolonies-universal-1.10.2-0.8.4908.jar"
      },
      {
        "signature": "sha256:197278b2db42f6010c053a95ae02a27d1d1bbc65d125d07dc3f9fcf0f2ff4810",
        "filename": "Animus-2017-04-18.jar"
      },
      {
        "signature": "sha256:c31fea7067d66d0ffd5c2a31716fb76b6b89adddc13f434c8ca7c0f621d60522",
        "filename": "Chameleon-1.10.2-2.3.0.jar"
      },
      {
        "signature": "sha256:3a4a96068dc0c95f4bbfeb3a4574ebf005e2419dd2f0300238344c5cd021bfaa",
        "filename": "forestry_1.10.2-5.2.17.388.jar"
      },
      {
        "signature": "sha256:bf1666ac2c70462103cf8938cf06a56c75c92dc5ae3128510622cd1e14f9462e",
        "filename": "OreExcavation-1.2.111.jar"
      },
      {
        "signature": "sha256:460bb4b668c38ba079de98eb9c011bad4383c7875cec991c8bc015b9893be16f",
        "filename": "OpenBlocks-1.10.2-1.7.5.jar"
      },
      {
        "signature": "sha256:ad8924e7b142a98c03cf0c37dbd320ddba553ba92487556c8d3d8f28d41409b3",
        "filename": "CoFHCore-1.10.2-4.1.12.17-universal.jar"
      },
      {
        "signature": "sha256:790122190fc52aaa020d26547884f9ea2ce2ac25c38eb863f605859502158e25",
        "filename": "ElecCore-1.10.2-1.7.431.jar"
      },
      {
        "signature": "sha256:43f862f34e4aac2fa4467ba8b481c7c94aa86e59b5df22c4e798a3f5431c7be3",
        "filename": "infinitylib-0.11.0.jar"
      },
      {
        "signature": "sha256:8821e6d05035c1734e3ee8709cd37bc00cf2bd690385c3b217faf6ff4d6e9124",
        "filename": "CodeChickenCore-1.10.2-2.4.1.102-universal.jar"
      },
      {
        "signature": "sha256:ff1181c8a02e08825076a98af78d6c2633cfba2523892d97203ade216a9bedf8",
        "filename": "ImmersiveEngineering-0.10-61.jar"
      },
      {
        "signature": "sha256:1b8379ed0da9b3b4f91143cb3b2f18ad04d06d4ed34cc06f6fef6e082028e3a9",
        "filename": "tinkersdefense-1.4.0.8a.jar"
      },
      {
        "signature": "sha256:9d98a028a2e22f607532a0c05e57673ae8c753c498c1061646255567c10aa127",
        "filename": "ae2stuff-0.6.0.9-mc1.10.2.jar"
      },
      {
        "signature": "sha256:2fc66dbb0cd7a1b9395fb5aac198cf29c69be44de12a771fc4e77d4106d2dddf",
        "filename": "Hwyla-1.8.17-B31_1.10.2.jar"
      },
      {
        "signature": "sha256:212ba2c303ef499dd36d640ad1a81effe0bf5647aef69bb62bd03dfc0064d356",
        "filename": "BBG-1.9.4-5.0.0.jar"
      },
      {
        "signature": "sha256:809c2ea5b4d4f3e5a294d3a326744f20fec412a1263e708297d00f512e377542",
        "filename": "forge-1.10.2-12.18.3.2511.jar"
      },
      {
        "signature": "sha256:6de883eee72276f43c3510cf7e85c37aea7a4ea5bdb01786068084f237eeac26",
        "filename": "moartinkers-0.4.1.jar"
      },
      {
        "signature": "sha256:9ee4c856102566d2f2915af1f463f4aedc3500015a4ea9bf51198b7268459365",
        "filename": "ArsMagica2-1.10.2-1.5.0-18.jar"
      },
      {
        "signature": "sha256:67ebfeda347431c3f2e451b19855f9731fc967ebfbd4b6b1caa86c5dec6bd8fa",
        "filename": "astralsorcery-1.4.5.jar"
      },
      {
        "signature": "sha256:4b9e0c490dd59276143429c40db5204a47ad9658db8f5ffbb7b50f299712eae1",
        "filename": "rftools-1.1x-7.16.jar"
      },
      {
        "signature": "sha256:6492f6468b0ec75e343c90dde7a3d8daed5516611bae33a1dccaafb6549b598b",
        "filename": "BiomesOPlenty-1.10.2-5.0.0.2236-universal.jar"
      },
      {
        "signature": "sha256:0da5da482f3544fb532746d02b9992917c362f1b82bc5fdca4180062bd7caa98",
        "filename": "ThermalFoundation-1.10.2-2.1.5.12-universal.jar"
      },
      {
        "signature": "sha256:63b6c2d519965e960c3b049c2ebe3867233f4bec7f47eee0ac182f2649772da6",
        "filename": "ExtraCells-1.10.2-2.4.4a15.jar"
      },
      {
        "signature": "sha256:1ee7b56b069cd14b55ee8f1ebb6780c067379d2d489d841d3fe0ea48fdd615c8",
        "filename": "ThermalDynamics-1.10.2-2.0.11.19-universal.jar"
      },
      {
        "signature": "sha256:961fbdf9f0d39107dd9772f9125a543fe1a947ccf1f82ec31f14bc8a66f1c48d",
        "filename": "TombManyGraves-1.10.2-2.1.16.jar"
      },
      {
        "signature": "sha256:140be65fac89eb3bdc2acb8e2d86d4c17c306c0d39f879af5c6bd7a53b25f069",
        "filename": "BloodMagic-1.10.2-2.1.11-80.jar"
      },
      {
        "signature": "sha256:648edf1673334932434795ae85e0380ad3e44d841fd72c4ee16b9e0177b4546b",
        "filename": "generators-0.9.20.23-mc1.10.2.jar"
      },
      {
        "signature": "sha256:b7308cb4d4842b519cfb520f40c283b012794a207bb27d53eb0a97ae367e1d27",
        "filename": "geneticsreborn-mc1.10.2-v1.05.jar"
      },
      {
        "signature": "sha256:6b911c2438bc6eb2660457dae89e6ddc2037353b2aee79db226e01abc5ad8cb1",
        "filename": "AdvancedRocketry-1.10.2-1.0.19.jar"
      },
      {
        "signature": "sha256:52c6afa070fb5b64f8be2833d515ad191338f1725e33293528af0e198ac6ad04",
        "filename": "RandomThings-MC1.10.2-3.7.7.1.jar"
      },
      {
        "signature": "sha256:ee7840eb553b850bdb32ed5be6194936f02f2cb2c9b915e4996312ec4a812588",
        "filename": "EJML-core-0.26.jar"
      },
      {
        "signature": "sha256:1678548421b9aa5188a1a209b39782aa6fac1247e92acb19f0fb58401f6718c7",
        "filename": "Mantle-1.10.2-1.1.5.jar"
      },
      {
        "signature": "sha256:c1d716786983063992fbb21d0f3d952ffbb0ba37a324b7c89ed7d6eaf720cb69",
        "filename": "ironchest-1.10.2-7.0.15.804.jar"
      },
      {
        "signature": "sha256:637c1c7e5472217524075bb96892fb5bc75e4690119e7b33fcd146e71af6cd51",
        "filename": "CTM-MC1.10.2-0.2.3.26.jar"
      },
      {
        "signature": "sha256:95646c343c5e96b8cdb2d06e00096b2da7c2e47457be1fca5c181b5705aea898",
        "filename": "jeibees-0.9.0.5-mc1.10.2.jar"
      },
      {
        "signature": "sha256:e265a9b9f3e2ed4302cadafdbc8520e90f12cf06bc60f267466af8e6b752c8fc",
        "filename": "CodeChickenLib-1.10.2-2.5.9.320-universal.jar"
      },
      {
        "signature": "sha256:ed5fd66db0c4c6b0f3af46c44969f1075521c33bfbe416b6a96b5566dae08cf2",
        "filename": "OpenModsLib-1.10.2-0.11.5.jar"
      },
      {
        "signature": "sha256:90df3c7543cfbb3bdf8fda2cb2fa446e57c4dcc91873999ad9f7c7362d1d7346",
        "filename": "oeintegration-2.3.jar"
      },
      {
        "signature": "sha256:10ec40b7bcaf63ecec281f635089f9c4d89c4ae00c987b58c1d2375604c50ea6",
        "filename": "jeiintegration_1.10.2-1.2.0.19.jar"
      },
      {
        "signature": "special:minecraft",
        "filename": "1.10.2.jar"
      },
      {
        "signature": "sha256:bf9cb4e992f02500904a828181782486f2b8dd5f891d7972403ce92622917060",
        "filename": "TConstruct-1.10.2-2.6.5.jar"
      },
      {
        "signature": "sha256:b3db4e0dfdd7cde49adc8524fa58a955675aed55c52a5afe8a1497e0bda34087",
        "filename": "taiga-1.10.2-1.1.4.jar"
      },
      {
        "signature": "sha256:20aaf6fe835fc61e246ff7f032a9d879a5f8f75ae76b8785757b9c30228aba3d",
        "filename": "immersivepetroleum-1.10.2-1.1.3.jar"
      },
      {
        "signature": "sha256:51d27ab5f07d53d24c06bab9f0f37cf0baa1451528a335fd7fe742334049ae9a",
        "filename": "thutcore-3.21.0.jar"
      },
      {
        "signature": "sha256:b29dc3077772543e765432cc2c91aaa657f2ac70e664707b3f1d9acb2a02706a",
        "filename": "jei_1.10.2-3.14.7.420.jar"
      },
      {
        "signature": "sha256:3bbb656eb87e04794eafaf2817b68cd619c288c1a889ffeb93e8ce34b36ac430",
        "filename": "InventoryTweaks-1.61-58.jar"
      },
      {
        "signature": "sha256:d9871802117944e29f5c72ef3a17decbadccd418acc2658db359f01765855158",
        "filename": "industrialcraft-2-2.6.252-ex110.jar"
      },
      {
        "signature": "sha256:8e4944fe2d89846f3b31512555b53ac53bcbe7319f2f288f8930c64a251867d0",
        "filename": "armorplus-1.10.2-8.7.1.2.jar"
      },
      {
        "signature": "sha256:2a4ae8d335dbe34bdb13d63c39c0b5b03968c3c68cbc5c3d45aa218798ee3a23",
        "filename": "extrautils2-1.10.2-1.7.3.jar"
      },
      {
        "signature": "sha256:2227ba05a3ff032a8980f54c2e1f9437f39add2159cd677d04c62164f717034f",
        "filename": "ViesCraft-1.10.X-5.5.1-final.jar"
      },
      {
        "signature": "sha256:a58e1e169956e0694de19aaa53cabe8cc69c1115535c186847c422e257b37be6",
        "filename": "ExtremeReactors-1.10.2-0.4.5.46.jar"
      },
      {
        "signature": "sha256:44fb3a6aed1f46eb2880d8f81b1a1b52dc6f3defe1c3afbdf28f2e513d4e0f8b",
        "filename": "thuttech-4.0.13.jar"
      }
    ],
    "addedSignatures": [],
    "removedSignatures": [],
    "installedSignatures": [],
    "uninstalledSignatures": [],
    "workTime": 3441468.0,
    "language": "en_US",
    "locale": "en_US",
    "timezone": "America/Chicago",
    "branding": [
      "Minecraft 1.10.2",
      "MCP 9.32",
      "Powered by Forge 12.18.3.2511",
      "96 mods loaded, 96 mods active"
    ],
    "runtime": {
      "mcp": "MCP 9.32",
      "fml": "8.0.99.99",
      "forge": "12.18.3.2511"
    },
    "minecraft": "Minecraft 1.10.2",
    "javaVersion": "Oracle Corporation 1.8.0_25",
    "side": "client",
    "obfuscated": true,
    "type": "analytics"
  },
  {
    "states": [
      {
        "signature": "sha256:b2ccc984c77341dbce446e40576fd98e70cf6253a70004c254e16ab329d93a85",
        "mods": [
          {
            "modId": "bloodarsenal",
            "state": "Available"
          }
        ]
      },
      {
        "signature": "sha256:4b29490cd8740dc267947708e40c4da760116ae4218685a6efa1e6841b34d575",
        "mods": [
          {
            "modId": "jeresources",
            "state": "Available"
          }
        ]
      },
      {
        "signature": "sha256:7d7b80c91962a1e97739a49bb5c272cc5f8edd6964f1664372fcb4930a291a27",
        "mods": [
          {
            "modId": "tinkertoolleveling",
            "state": "Available"
          }
        ]
      },
      {
        "signature": "sha256:014c557f1e2d330d0820f044fd24ba626cb5e54af59ab053fe6f4a57a1f6037c",
        "mods": [
          {
            "modId": "inventorypets",
            "state": "Available"
          }
        ]
      },
      {
        "signature": "sha256:f5cad4dadd4bbcb54374575317793392898a2830327d34d19fe5a5daade594a3",
        "mods": [
          {
            "modId": "bdlib",
            "state": "Available"
          }
        ]
      },
      {
        "signature": "sha256:910ddcd67f42788a40e8ad2778d76144944748acd90915ef4addec7ea0295ed2",
        "mods": [
          {
            "modId": "StorageDrawers",
            "state": "Available"
          }
        ]
      },
      {
        "signature": "sha256:2a423b27ca06693c93da5037ba7ecc8d1b440b7dc4a1561a2ecf5c97ffb19d5d",
        "mods": [
          {
            "modId": "nethermetals",
            "state": "Available"
          }
        ]
      },
      {
        "signature": "sha256:18cc823e4c33735552b042668a511b6352d6242bae7bdeac5187dca737b337b5",
        "mods": [
          {
            "modId": "Botania",
            "state": "Available"
          }
        ]
      },
      {
        "signature": "sha256:9bfa607843a865cf819f8a7dc21dbf3d5181165ad9dcf807ff69019bb75a5a26",
        "mods": [
          {
            "modId": "harvestcraft",
            "state": "Available"
          }
        ]
      },
      {
        "signature": "sha256:d43ecdbacebb5fc76765f1d120b3e91745d5a8daf4f62f1ca4709c09ee898557",
        "mods": [
          {
            "modId": "lootbags",
            "state": "Available"
          }
        ]
      },
      {
        "signature": "sha256:71dcd5a0b97efe05d8c61954fc12ba352a388fdac013b99b8151453f71decc8c",
        "mods": [
          {
            "modId": "levels",
            "state": "Available"
          }
        ]
      },
      {
        "signature": "sha256:cbb0c69f043e9c9e364076fd61430e55cda0d12ad3abad7cae38bccf290e34d3",
        "mods": [
          {
            "modId": "chiselsandbits",
            "state": "Available"
          }
        ]
      },
      {
        "signature": "sha256:2fed3af95ce43ab36a9eed295cb9a2218e5c769730b70d90e8e080a028320b03",
        "mods": [
          {
            "modId": "OpenEye",
            "state": "Available"
          }
        ]
      },
      {
        "signature": "sha256:291b309f25427c0392b80643c02e1aa519489819f7e0b1f1898139a57a3fa29e",
        "mods": [
          {
            "modId": "baublesstuff",
            "state": "Available"
          }
        ]
      },
      {
        "signature": "sha256:848b87207f04d4395cb9f5eadbd0ed06bf44afca30ee052044f78bc4010be7a5",
        "mods": [
          {
            "modId": "denseores",
            "state": "Available"
          }
        ]
      },
      {
        "signature": "sha256:b6f41d81fc5ba67e85579e24a095e9910925f8e507a19641cebb359165525395",
        "mods": [
          {
            "modId": "TTLBowAddon",
            "state": "Available"
          }
        ]
      },
      {
        "signature": "sha256:9a6206cadfe4eba8f142bcf66da97dff83f6bf52601ecf8b182a32be80e2f7df",
        "mods": [
          {
            "modId": "notenoughcodecs",
            "state": "Available"
          }
        ]
      },
      {
        "signature": "sha256:e94f7cfc4ed329101800574e782490e9bdd3a5bff1dc05a638c95bf088cda007",
        "mods": [
          {
            "modId": "agricraft",
            "state": "Available"
          }
        ]
      },
      {
        "signature": "sha256:9da4dba160fd2150ace8bdd4932680fbaa7e8435c52440ddfa4709c542c887fd",
        "mods": [
          {
            "modId": "fastleafdecay",
            "state": "Available"
          }
        ]
      },
      {
        "signature": "sha256:005db9e502fb63e35472e1680141315c70859c18e91d32ad1003b952c4ad69fb",
        "mods": [
          {
            "modId": "magicbees",
            "state": "Available"
          }
        ]
      },
      {
        "signature": "sha256:ec103b6139768301b62fa320aabd11c2e6b07e3665c7a78af9b28f680ab1664b",
        "mods": [
          {
            "modId": "chisel",
            "state": "Available"
          }
        ]
      },
      {
        "signature": "sha256:e3332eb62048172714f5a3bc8c0eba299be839ab2367db6616bed98c76f385aa",
        "mods": [
          {
            "modId": "guideapi",
            "state": "Available"
          }
        ]
      },
      {
        "signature": "sha256:40b174131905537dad9d222b215384f94072f2c7d5434e5a53216e1dcf5131ee",
        "mods": [
          {
            "modId": "journeymap",
            "state": "Available"
          }
        ]
      },
      {
        "signature": "sha256:fc67e7bfc06cf865a66883ed2630d813a6b480926e63bd2f30d265ebd24a0298",
        "mods": [
          {
            "modId": "thermalexpansion",
            "state": "Available"
          }
        ]
      },
      {
        "signature": "sha256:a99654c470b5d5378ffc0160002d24f579f8de113d1a6fa96e1bd95094e6b537",
        "mods": [
          {
            "modId": "mysticalagriculture",
            "state": "Available"
          }
        ]
      },
      {
        "signature": "sha256:86366d566af60bbc4e019ca91a062e6c0aa1940681fa53b9fc8b56a68a893ccb",
        "mods": [
          {
            "modId": "BiblioCraft",
            "state": "Available"
          }
        ]
      },
      {
        "signature": "sha256:90394d3d1584c66e4bc5e3fde5c2bc47a3e7a393357176eb7af3c2d7016cd32f",
        "mods": [
          {
            "modId": "cookingforblockheads",
            "state": "Available"
          }
        ]
      },
      {
        "signature": "sha256:5a5f58f7bac56682fd46ae5c17c756782f95a00d0da5dcf32f2c61f3842ac31e",
        "mods": [
          {
            "modId": "aiimprovements",
            "state": "Available"
          }
        ]
      },
      {
        "signature": "sha256:3cac9437ed9e00ecf8b0ac101a9ff5cfe4c30fff0d67bc327049ecd2cc781095",
        "mods": [
          {
            "modId": "ironbackpacks",
            "state": "Available"
          }
        ]
      },
      {
        "signature": "sha256:e9d5a76d31b36bd24c76c3ef08f8a5fc642a9ef9da9d9558398468e44f1dda17",
        "mods": [
          {
            "modId": "rftoolscontrol",
            "state": "Available"
          }
        ]
      },
      {
        "signature": "sha256:ee1a7c59472d5aab95ee64db4dc1474218a491d5c21e7b819d5fa271da4d9a5b",
        "mods": [
          {
            "modId": "Baubles",
            "state": "Available"
          }
        ]
      },
      {
        "signature": "sha256:540332f719ae2ac695e73189ac3e31aee09e9ff54e749e775219431ddd5132b0",
        "mods": [
          {
            "modId": "zerocore",
            "state": "Available"
          }
        ]
      },
      {
        "signature": "sha256:d25ac67463596c2059200f07516dd0b8e009dcd1ac968ebf0f73af5e89c17fe9",
        "mods": [
          {
            "modId": "JEFB",
            "state": "Available"
          }
        ]
      },
      {
        "signature": "sha256:b443538447e805e53d2c980af06e489f3175dd991e64891cd4f384f3033822c9",
        "mods": [
          {
            "modId": "appliedenergistics2",
            "state": "Available"
          }
        ]
      },
      {
        "signature": "sha256:09daf7b038ad09310b41b7e68fdde765d84cc18f318e399801436e359446b22d",
        "mods": [
          {
            "modId": "thedragonlib",
            "state": "Available"
          }
        ]
      },
      {
        "signature": "sha256:4773fbc6faf35ee8f2b276f40ece2e095495913558a68e170fabefb4e80ffa48",
        "mods": [
          {
            "modId": "libVulpes",
            "state": "Available"
          }
        ]
      },
      {
        "signature": "sha256:9163873af44ab0085f72423b989123362ed4170ba786e4370b7aa92337ba9d8c",
        "mods": []
      },
      {
        "signature": "sha256:c6c3c5e6fec16b3461b79079e9493f7450366517b6a87b88cf53973a2875d078",
        "mods": []
      },
      {
        "signature": "sha256:d22bb48abc1dc1b5958aacdb08fd63a6b59546cb190bbf0be40d49885a5d93ed",
        "mods": [
          {
            "modId": "actuallyadditions",
            "state": "Available"
          }
        ]
      },
      {
        "signature": "sha256:3868782be09aa4905483eceb59db1dd38e6b8b9fe2c4b66a2f903f8cb53639ab",
        "mods": [
          {
            "modId": "orespawn",
            "state": "Available"
          }
        ]
      },
      {
        "signature": "sha256:a40052e7ee626c0f16045488626e60202182203c75d2fc2fef63588d0b8278ae",
        "mods": [
          {
            "modId": "minecolonies",
            "state": "Available"
          }
        ]
      },
      {
        "signature": "sha256:197278b2db42f6010c053a95ae02a27d1d1bbc65d125d07dc3f9fcf0f2ff4810",
        "mods": [
          {
            "modId": "Animus",
            "state": "Available"
          }
        ]
      },
      {
        "signature": "sha256:c31fea7067d66d0ffd5c2a31716fb76b6b89adddc13f434c8ca7c0f621d60522",
        "mods": [
          {
            "modId": "Chameleon",
            "state": "Available"
          }
        ]
      },
      {
        "signature": "sha256:3a4a96068dc0c95f4bbfeb3a4574ebf005e2419dd2f0300238344c5cd021bfaa",
        "mods": [
          {
            "modId": "forestry",
            "state": "Available"
          }
        ]
      },
      {
        "signature": "sha256:bf1666ac2c70462103cf8938cf06a56c75c92dc5ae3128510622cd1e14f9462e",
        "mods": [
          {
            "modId": "oreexcavation",
            "state": "Available"
          }
        ]
      },
      {
        "signature": "sha256:460bb4b668c38ba079de98eb9c011bad4383c7875cec991c8bc015b9893be16f",
        "mods": [
          {
            "modId": "openblocks",
            "state": "Available"
          }
        ]
      },
      {
        "signature": "sha256:ad8924e7b142a98c03cf0c37dbd320ddba553ba92487556c8d3d8f28d41409b3",
        "mods": [
          {
            "modId": "cofhcore",
            "state": "Available"
          }
        ]
      },
      {
        "signature": "sha256:790122190fc52aaa020d26547884f9ea2ce2ac25c38eb863f605859502158e25",
        "mods": [
          {
            "modId": "eleccore",
            "state": "Available"
          }
        ]
      },
      {
        "signature": "sha256:43f862f34e4aac2fa4467ba8b481c7c94aa86e59b5df22c4e798a3f5431c7be3",
        "mods": [
          {
            "modId": "infinitylib",
            "state": "Available"
          }
        ]
      },
      {
        "signature": "sha256:8821e6d05035c1734e3ee8709cd37bc00cf2bd690385c3b217faf6ff4d6e9124",
        "mods": [
          {
            "modId": "CodeChickenCore",
            "state": "Available"
          }
        ]
      },
      {
        "signature": "sha256:ff1181c8a02e08825076a98af78d6c2633cfba2523892d97203ade216a9bedf8",
        "mods": [
          {
            "modId": "immersiveengineering",
            "state": "Available"
          }
        ]
      },
      {
        "signature": "sha256:1b8379ed0da9b3b4f91143cb3b2f18ad04d06d4ed34cc06f6fef6e082028e3a9",
        "mods": [
          {
            "modId": "tinkersdefense",
            "state": "Available"
          }
        ]
      },
      {
        "signature": "sha256:9d98a028a2e22f607532a0c05e57673ae8c753c498c1061646255567c10aa127",
        "mods": [
          {
            "modId": "ae2stuff",
            "state": "Available"
          }
        ]
      },
      {
        "signature": "sha256:2fc66dbb0cd7a1b9395fb5aac198cf29c69be44de12a771fc4e77d4106d2dddf",
        "mods": [
          {
            "modId": "Waila",
            "state": "Available"
          }
        ]
      },
      {
        "signature": "sha256:212ba2c303ef499dd36d640ad1a81effe0bf5647aef69bb62bd03dfc0064d356",
        "mods": [
          {
            "modId": "BBG",
            "state": "Available"
          }
        ]
      },
      {
        "signature": "sha256:809c2ea5b4d4f3e5a294d3a326744f20fec412a1263e708297d00f512e377542",
        "mods": [
          {
            "modId": "FML",
            "state": "Available"
          },
          {
            "modId": "Forge",
            "state": "Available"
          }
        ]
      },
      {
        "signature": "sha256:6de883eee72276f43c3510cf7e85c37aea7a4ea5bdb01786068084f237eeac26",
        "mods": [
          {
            "modId": "moartinkers",
            "state": "Available"
          }
        ]
      },
      {
        "signature": "sha256:9ee4c856102566d2f2915af1f463f4aedc3500015a4ea9bf51198b7268459365",
        "mods": [
          {
            "modId": "arsmagica2",
            "state": "Available"
          },
          {
            "modId": "AnimationAPI",
            "state": "Available"
          }
        ]
      },
      {
        "signature": "sha256:67ebfeda347431c3f2e451b19855f9731fc967ebfbd4b6b1caa86c5dec6bd8fa",
        "mods": [
          {
            "modId": "astralsorcery",
            "state": "Available"
          }
        ]
      },
      {
        "signature": "sha256:4b9e0c490dd59276143429c40db5204a47ad9658db8f5ffbb7b50f299712eae1",
        "mods": [
          {
            "modId": "rftools",
            "state": "Available"
          }
        ]
      },
      {
        "signature": "sha256:6492f6468b0ec75e343c90dde7a3d8daed5516611bae33a1dccaafb6549b598b",
        "mods": [
          {
            "modId": "BiomesOPlenty",
            "state": "Available"
          }
        ]
      },
      {
        "signature": "sha256:0da5da482f3544fb532746d02b9992917c362f1b82bc5fdca4180062bd7caa98",
        "mods": [
          {
            "modId": "thermalfoundation",
            "state": "Available"
          }
        ]
      },
      {
        "signature": "sha256:63b6c2d519965e960c3b049c2ebe3867233f4bec7f47eee0ac182f2649772da6",
        "mods": [
          {
            "modId": "extracells",
            "state": "Available"
          }
        ]
      },
      {
        "signature": "sha256:1ee7b56b069cd14b55ee8f1ebb6780c067379d2d489d841d3fe0ea48fdd615c8",
        "mods": [
          {
            "modId": "thermaldynamics",
            "state": "Available"
          }
        ]
      },
      {
        "signature": "sha256:961fbdf9f0d39107dd9772f9125a543fe1a947ccf1f82ec31f14bc8a66f1c48d",
        "mods": [
          {
            "modId": "tombmanygraves",
            "state": "Available"
          }
        ]
      },
      {
        "signature": "sha256:140be65fac89eb3bdc2acb8e2d86d4c17c306c0d39f879af5c6bd7a53b25f069",
        "mods": [
          {
            "modId": "BloodMagic",
            "state": "Available"
          }
        ]
      },
      {
        "signature": "sha256:648edf1673334932434795ae85e0380ad3e44d841fd72c4ee16b9e0177b4546b",
        "mods": [
          {
            "modId": "advgenerators",
            "state": "Available"
          }
        ]
      },
      {
        "signature": "sha256:b7308cb4d4842b519cfb520f40c283b012794a207bb27d53eb0a97ae367e1d27",
        "mods": [
          {
            "modId": "geneticsreborn",
            "state": "Available"
          }
        ]
      },
      {
        "signature": "sha256:6b911c2438bc6eb2660457dae89e6ddc2037353b2aee79db226e01abc5ad8cb1",
        "mods": [
          {
            "modId": "advancedRocketry",
            "state": "Available"
          }
        ]
      },
      {
        "signature": "sha256:52c6afa070fb5b64f8be2833d515ad191338f1725e33293528af0e198ac6ad04",
        "mods": [
          {
            "modId": "randomthings",
            "state": "Available"
          }
        ]
      },
      {
        "signature": "sha256:ee7840eb553b850bdb32ed5be6194936f02f2cb2c9b915e4996312ec4a812588",
        "mods": []
      },
      {
        "signature": "sha256:1678548421b9aa5188a1a209b39782aa6fac1247e92acb19f0fb58401f6718c7",
        "mods": [
          {
            "modId": "mantle",
            "state": "Available"
          }
        ]
      },
      {
        "signature": "sha256:c1d716786983063992fbb21d0f3d952ffbb0ba37a324b7c89ed7d6eaf720cb69",
        "mods": [
          {
            "modId": "ironchest",
            "state": "Available"
          }
        ]
      },
      {
        "signature": "sha256:637c1c7e5472217524075bb96892fb5bc75e4690119e7b33fcd146e71af6cd51",
        "mods": [
          {
            "modId": "ctm",
            "state": "Available"
          }
        ]
      },
      {
        "signature": "sha256:95646c343c5e96b8cdb2d06e00096b2da7c2e47457be1fca5c181b5705aea898",
        "mods": [
          {
            "modId": "jeibees",
            "state": "Available"
          }
        ]
      },
      {
        "signature": "sha256:e265a9b9f3e2ed4302cadafdbc8520e90f12cf06bc60f267466af8e6b752c8fc",
        "mods": [
          {
            "modId": "CodeChickenLib",
            "state": "Available"
          },
          {
            "modId": "ccl-entityhook",
            "state": "Available"
          }
        ]
      },
      {
        "signature": "sha256:ed5fd66db0c4c6b0f3af46c44969f1075521c33bfbe416b6a96b5566dae08cf2",
        "mods": [
          {
            "modId": "openmods",
            "state": "Available"
          }
        ]
      },
      {
        "signature": "sha256:90df3c7543cfbb3bdf8fda2cb2fa446e57c4dcc91873999ad9f7c7362d1d7346",
        "mods": [
          {
            "modId": "oeintegration",
            "state": "Available"
          }
        ]
      },
      {
        "signature": "sha256:10ec40b7bcaf63ecec281f635089f9c4d89c4ae00c987b58c1d2375604c50ea6",
        "mods": [
          {
            "modId": "jeiintegration",
            "state": "Available"
          }
        ]
      },
      {
        "signature": "special:minecraft",
        "mods": []
      },
      {
        "signature": "sha256:bf9cb4e992f02500904a828181782486f2b8dd5f891d7972403ce92622917060",
        "mods": [
          {
            "modId": "tconstruct",
            "state": "Available"
          }
        ]
      },
      {
        "signature": "sha256:b3db4e0dfdd7cde49adc8524fa58a955675aed55c52a5afe8a1497e0bda34087",
        "mods": [
          {
            "modId": "taiga",
            "state": "Available"
          }
        ]
      },
      {
        "signature": "sha256:20aaf6fe835fc61e246ff7f032a9d879a5f8f75ae76b8785757b9c30228aba3d",
        "mods": [
          {
            "modId": "immersivepetroleum",
            "state": "Available"
          }
        ]
      },
      {
        "signature": "sha256:51d27ab5f07d53d24c06bab9f0f37cf0baa1451528a335fd7fe742334049ae9a",
        "mods": [
          {
            "modId": "thutcore",
            "state": "Available"
          }
        ]
      },
      {
        "signature": "sha256:b29dc3077772543e765432cc2c91aaa657f2ac70e664707b3f1d9acb2a02706a",
        "mods": [
          {
            "modId": "JEI",
            "state": "Available"
          }
        ]
      },
      {
        "signature": "sha256:3bbb656eb87e04794eafaf2817b68cd619c288c1a889ffeb93e8ce34b36ac430",
        "mods": [
          {
            "modId": "inventorytweaks",
            "state": "Available"
          }
        ]
      },
      {
        "signature": "sha256:d9871802117944e29f5c72ef3a17decbadccd418acc2658db359f01765855158",
        "mods": [
          {
            "modId": "IC2",
            "state": "Available"
          }
        ]
      },
      {
        "signature": "sha256:8e4944fe2d89846f3b31512555b53ac53bcbe7319f2f288f8930c64a251867d0",
        "mods": [
          {
            "modId": "armorplus",
            "state": "Available"
          }
        ]
      },
      {
        "signature": "sha256:2a4ae8d335dbe34bdb13d63c39c0b5b03968c3c68cbc5c3d45aa218798ee3a23",
        "mods": [
          {
            "modId": "extrautils2",
            "state": "Available"
          }
        ]
      },
      {
        "signature": "sha256:2227ba05a3ff032a8980f54c2e1f9437f39add2159cd677d04c62164f717034f",
        "mods": [
          {
            "modId": "vc",
            "state": "Available"
          }
        ]
      },
      {
        "signature": "sha256:a58e1e169956e0694de19aaa53cabe8cc69c1115535c186847c422e257b37be6",
        "mods": [
          {
            "modId": "bigreactors",
            "state": "Available"
          }
        ]
      },
      {
        "signature": "sha256:44fb3a6aed1f46eb2880d8f81b1a1b52dc6f3defe1c3afbdf28f2e513d4e0f8b",
        "mods": [
          {
            "modId": "thuttech",
            "state": "Available"
          }
        ]
      }
    ],
    "timestamp": 1518187010734,
    "location": "crash_handler",
    "exception": {
      "stack": [
        {
          "class": "coldform.TTLBowAddon.modTTLBowAddon",
          "method": "onDeath",
          "file": "modTTLBowAddon.java",
          "line": 27,
          "source": "sha256:b6f41d81fc5ba67e85579e24a095e9910925f8e507a19641cebb359165525395",
          "signatures": [
            "sha256:b6f41d81fc5ba67e85579e24a095e9910925f8e507a19641cebb359165525395"
          ]
        },
        {
          "class": "net.minecraftforge.fml.common.eventhandler.ASMEventHandler_31_modTTLBowAddon_onDeath_LivingDeathEvent",
          "method": "invoke",
          "file": ".dynamic",
          "line": -1
        },
        {
          "class": "net.minecraftforge.fml.common.eventhandler.ASMEventHandler",
          "method": "invoke",
          "file": "ASMEventHandler.java",
          "line": 90
        },
        {
          "class": "net.minecraftforge.fml.common.eventhandler.EventBus",
          "method": "post",
          "file": "EventBus.java",
          "line": 185
        },
        {
          "class": "net.minecraftforge.common.ForgeHooks",
          "method": "onLivingDeath",
          "file": "ForgeHooks.java",
          "line": 509
        },
        {
          "class": "net.minecraft.entity.EntityLivingBase",
          "method": "func_70645_a",
          "file": "EntityLivingBase.java",
          "line": 1051
        },
        {
          "class": "net.minecraft.entity.EntityLivingBase",
          "method": "func_70097_a",
          "file": "EntityLivingBase.java",
          "line": 970
        },
        {
          "class": "net.minecraft.entity.passive.EntityBat",
          "method": "func_70097_a",
          "file": "SourceFile",
          "line": 203
        },
        {
          "class": "net.minecraft.entity.Entity",
          "method": "func_70030_z",
          "file": "Entity.java",
          "line": 458
        },
        {
          "class": "net.minecraft.entity.EntityLivingBase",
          "method": "func_70030_z",
          "file": "EntityLivingBase.java",
          "line": 216
        },
        {
          "class": "net.minecraft.entity.EntityLiving",
          "method": "func_70030_z",
          "file": "EntityLiving.java",
          "line": 208
        },
        {
          "class": "net.minecraft.entity.Entity",
          "method": "func_70071_h_",
          "file": "Entity.java",
          "line": 359
        },
        {
          "class": "net.minecraft.entity.EntityLivingBase",
          "method": "func_70071_h_",
          "file": "EntityLivingBase.java",
          "line": 1932
        },
        {
          "class": "net.minecraft.entity.EntityLiving",
          "method": "func_70071_h_",
          "file": "EntityLiving.java",
          "line": 295
        },
        {
          "class": "net.minecraft.entity.passive.EntityBat",
          "method": "func_70071_h_",
          "file": "SourceFile",
          "line": 112
        },
        {
          "class": "net.minecraft.world.World",
          "method": "func_72866_a",
          "file": "World.java",
          "line": 1967
        },
        {
          "class": "net.minecraft.world.WorldServer",
          "method": "func_72866_a",
          "file": "WorldServer.java",
          "line": 839
        },
        {
          "class": "net.minecraft.world.World",
          "method": "func_72870_g",
          "file": "World.java",
          "line": 1937
        },
        {
          "class": "net.minecraft.world.World",
          "method": "func_72939_s",
          "file": "World.java",
          "line": 1750
        },
        {
          "class": "net.minecraft.world.WorldServer",
          "method": "func_72939_s",
          "file": "WorldServer.java",
          "line": 620
        },
        {
          "class": "net.minecraft.server.MinecraftServer",
          "method": "func_71190_q",
          "file": "MinecraftServer.java",
          "line": 709
        },
        {
          "class": "net.minecraft.server.MinecraftServer",
          "method": "func_71217_p",
          "file": "MinecraftServer.java",
          "line": 613
        },
        {
          "class": "net.minecraft.server.integrated.IntegratedServer",
          "method": "func_71217_p",
          "file": "IntegratedServer.java",
          "line": 149
        },
        {
          "class": "net.minecraft.server.MinecraftServer",
          "method": "run",
          "file": "MinecraftServer.java",
          "line": 471
        },
        {
          "class": "java.lang.Thread",
          "method": "run",
          "file": "Thread.java",
          "line": 745,
          "signatures": []
        }
      ],
      "exception": "java.lang.NullPointerException",
      "message": ""
    },
    "random": -661596468,
    "resolved": true,
    "branding": [
      "Minecraft 1.10.2",
      "MCP 9.32",
      "Powered by Forge 12.18.3.2511",
      "96 mods loaded, 96 mods active"
    ],
    "runtime": {
      "mcp": "MCP 9.32",
      "fml": "8.0.99.99",
      "forge": "12.18.3.2511"
    },
    "minecraft": "Minecraft 1.10.2",
    "javaVersion": "Oracle Corporation 1.8.0_25",
    "side": "client",
    "obfuscated": true,
    "type": "crashlog"
  }
]